"#","Reference","Qty","Value","MFR","MPN","SPL1","SPN1","LNK1","SPL2","SPN2","LNK2"
"1","C1,C11,C12,C25,C38,C39,C40","7","100u_CASE-B-3528_TAJB107K006RNJ","Kyocera AVX","TAJB107K006RNJ","JLCPCB","C16133","https://jlcpcb.com/partdetail/KyoceraAvx-TAJB107K006RNJ/C16133","","",""
"2","C17,C48","2","22p_0402_0402CG220J500NT","FH","0402CG220J500NT","JLCPCB","C1555","https://jlcpcb.com/partdetail/1907-0402CG220J500NT/C1555","","",""
"3","C2,C3,C4,C5,C6,C7,C8,C9,C10,C13,C14,C15,C16,C18,C19,C20,C21,C22,C23,C24,C26,C27,C28,C29,C30,C31,C32,C33,C34,C35,C36,C37,C41,C42,C43,C44,C45,C46,C47,C49,C50,C51,C52,C53,C54,C55,C56,C57","48","10u_0402_CL05A105KA5NQNC","Samsung","CL05A105KA5NQNC","JLCPCB","C52923","https://jlcpcb.com/partdetail/53938-CL05A105KA5NQNC/C52923","","",""
"4","D2","1","0603_GREEN_19-217/GHC-YR1S2/3T","Everlight","19-217/GHC-YR1S2/3T","JLCPCB","C72043","https://jlcpcb.com/partdetail/EverlightElec-19_217_GHC_YR1S23T/C72043","","",""
"5","D1,D7","2","0603_RED_KT-0603R","Hubei KENTO","KT-0603R","JLCPCB","C2286","https://jlcpcb.com/partdetail/Hubei_KentoElec-KT0603R/C2286","","",""
"6","D3,D4,D5","3","SOD-523_BSD5C051L","BORN","BSD5C051L","JLCPCB","C151983","https://jlcpcb.com/partdetail/Born-BSD5C051L/C151983","","",""
"7","D6,D8","2","B5819W-SL_SOD-123","Jiangsu Changjing Electronics Technology","B5819W SL","JLCPCB","C8598","https://jlcpcb.com/partdetail/9093-B5819WSL/C8598","","",""
"8","D9,D10,D11,D12,D13,D14,D15,D16,D17,D18","10","0603_IR_850nm_E6C0603IRAC1UDA","EKINGLUX","E6C0603IRAC1UDA","JLCPCB","C396643","https://jlcpcb.com/partdetail/Ekinglux-E6C0603IRAC1UDA_850nm/C396643","","",""
"9","J1","1","Conn-01x02_P2mm_NONAME_JST-PH_C47647","BOOMELE","C47647","JLCPCB","C47647","https://jlcpcb.com/partdetail/boomele_boom_Precision_elec-C47647/C47647","","",""
"10","J2","1","TYPE-C-31-M-12","Korean Hroparts","TYPE-C-31-M-12","JLCPCB","C165948","https://jlcpcb.com/partdetail/Korean_HropartsElec-TYPE_C_31_M12/C165948","","",""
"11","J4","1","Conn-02x10_P2.54mm_B-2100S20P-B110","Ckmtw","B-2100S20P-B110","JLCPCB","C124359","https://jlcpcb.com/partdetail/125634-B_2100S20PB110/C124359","","",""
"12","J5","1","Conn-01x02_P1.25mm_10114829-10102LF","Amphenol ICC (FCI)","10114829-10102LF","Digikey","609-4383-2-ND","https://www.digikey.com/en/products/detail/amphenol-icc-fci/10114829-10102LF/2658929","JLCPCB","C239062","https://jlcpcb.com/partdetail/AmphenolIcc-1011482910102LF/C239062"
"13","J6","1","Conn_01x24_FFC_0.5mm_AFC01-S24FCC-00","JUSHUO","AFC01-S24FCC-00","JLCPCB","C262276","https://jlcpcb.com/partdetail/Jushuo-AFC01_S24FCC00/C262276","","",""
"14","L1,L2,L4","3","FB_2A_0805_220R@100MHz_BLM21PG221SN1D","Murata Electronics","BLM21PG221SN1D","JLCPCB","C85840","https://jlcpcb.com/partdetail/MurataElectronics-BLM21PG221SN1D/C85840","","",""
"15","L3,L5","2","10u_1.5A_4x4mm_SWPA4030S100MT","Sunlord","SWPA4030S100MT","JLCPCB","C38117","https://jlcpcb.com/partdetail/Sunlord-SWPA4030S100MT/C38117","","",""
"16","Q1,Q2,Q5,Q7,Q9,Q10","6","2N7002","JCET","2N7002","JLCPCB","C8545","https://jlcpcb.com/partdetail/9040-2N7002/C8545","","",""
"17","Q3,Q4,Q6,Q8","4","AO3401A","Alpha & Omega Semiconductor Inc.","AO3401A","LCSC","C15127","https://lcsc.com/product-detail/MOSFETs_Alpha-Omega-Semicon-AO3401A_C15127.html","JLCPCB","C15127","https://jlcpcb.com/partdetail/Alpha_OmegaSemicon-AO3401A/C15127"
"18","R33","1","2.43R_0805_0805W8F243KT5E","UNI-ROYAL","0805W8F243KT5E","JLCPCB","C247100","https://jlcpcb.com/partdetail/244308-0805W8F243KT5E/C247100","","",""
"19","R1,R2,R23","3","976k_0402_0402WGD9763TCE","UNI-ROYAL","0402WGD9763TCE","JLCPCB","C423262","https://jlcpcb.com/partdetail/416212-0402WGD9763TCE/C423262","","",""
"20","R3,R13,R15,R16,R17,R18,R19,R21,R22,R24,R25,R31,R32","13","215k_0402_0402WGD2153TCE","UNI-ROYAL","0402WGD2153TCE","JLCPCB","C423299","https://jlcpcb.com/partdetail/416249-0402WGD2153TCE/C423299","","",""
"21","R4,R5,R28","3","1k_0402_0402WGF1001TCE","UNI-ROYAL","0402WGF1001TCE","JLCPCB","C11702","https://jlcpcb.com/partdetail/12256-0402WGF1001TCE/C11702","","",""
"22","R6,R7,R10,R11,R12,R14,R20,R26,R27,R29,R30","11","10k_0402_0402WGF1002TCE","UNI-ROYAL","0402WGF1002TCE","JLCPCB","C25744","https://jlcpcb.com/partdetail/26487-0402WGF1002TCE/C25744","","",""
"23","R8,R9","2","5.1k_0603_0603WAF5101T5E","UNI-ROYAL","0603WAF5101T5E","JLCPCB","C23186","https://jlcpcb.com/partdetail/23913-0603WAF5101T5E/C23186","","",""
"24","SW1,SW4","2","SW_PB_90deg_K2-1102AQ-H4CW-01","Korean Hroparts","K2-1102AQ-N4CW-01","JLCPCB","C338650","https://jlcpcb.com/partdetail/1041843-K2_1102AQ_H4CW01/C961738","","",""
"25","SW2,SW3","2","SW_PB_TS-1187A-B-A-B","XKB Connectivity","TS-1187A-B-A-B","JLCPCB","C318884","https://jlcpcb.com/partdetail/XkbConnectivity-TS_1187A_B_AB/C318884","","",""
"26","U1","1","TP4057-42-SOT26-R","TOPPOWER","TP4057-42-SOT26-R","JLCPCB","C12044","https://jlcpcb.com/partdetail/12599-TP4057_42_SOT26R/C12044","","",""
"27","U3","1","PCF85063AT","NXP Semiconductors","PCF85063AT/AAZ","JLCPCB","C2157792","https://jlcpcb.com/partdetail/NxpSemicon-PCF85063ATAAZ/C2157792","","",""
"28","U4","1","TI_SN74LVC1G373DBVR","Texas Instruments","SN74LVC1G373DBVR","JLCPCB","C128413","https://jlcpcb.com/partdetail/TexasInstruments-SN74LVC1G373DBVR/C128413","","",""
"29","U5","1","SY8089AAAC","Silergy","SY8089AAAC","JLCPCB","C78988","https://jlcpcb.com/partdetail/SilergyCorp-SY8089AAAC/C78988","","",""
"30","U6","1","PIR_AS312","Senba Sensing","AS312","JLCPCB","C90465","https://jlcpcb.com/partdetail/Senba_SensingTech-AS312/C90465","","",""
"31","U8","1","RT9166-12GVL","Richtek Tech","RT9166-12GVL","JLCPCB","C29175","https://jlcpcb.com/partdetail/RichtekTech-RT916612GVL/C29175","","",""
"32","U9","1","AP1511B","UMW","AP1511B","LCSC","C347457","https://lcsc.com/product-detail/Motor-Driver-ICs_UMW-Youtai-Semiconductor-Co-Ltd-AP1511B_C347457.html","JLCPCB","C347457","https://jlcpcb.com/partdetail/324117-AP1511B/C347457"
"33","U10","1","ESP32-S3-WROOM-1-N16R8","Espressif","ESP32-S3-WROOM-1-N16R8","LCSC","C2913202","https://www.lcsc.com/product-detail/WiFi-Modules_Espressif-Systems-ESP32-S3-WROOM-1-N16R8_C2913202.html","JLCPCB","C2913202","https://jlcpcb.com/partdetail/3198300-ESP32_S3_WROOM_1N16R8/C2913202"
"34","U11","1","MT9284-28J","AEROSEMI","MT9284-28J","JLCPCB","C181780","https://jlcpcb.com/partdetail/xi_an_AerosemiTech-MT928428J/C181780","","",""
"35","U12","1","LTR-303ALS-01","Lite-On","LTR-303ALS-01","JLCPCB","C364577","https://www.lcsc.com/product-detail/Ambient-Light-Sensors_Lite-On-LTR-303ALS-01_C364577.html","","",""
"36","U2,U7","2","XC6206-2.8V","YONGYUTAI","XC6206-2.8V","JLCPCB","C2892669","https://jlcpcb.com/partdetail/Yongyutai-XC6206_28V/C2892669","","",""
"37","Y1","1","32.768kHz_Q13FC1350000400","Seiko Epson","Q13FC1350000400","JLCPCB","C32346","https://jlcpcb.com/partdetail/SeikoEpson-Q13FC1350000400/C32346","","",""
