Designator,Val,Package,Mid X,Mid Y,Rotation,Layer
C1,10u_0603_CL10A106MA8NRNC,C_0603_1608Metric,-5.275,-44.925,-90,bottom
C3,100n_0402_CL05B104KB54PNC,C_0402_1005Metric,-45.75,-55.25,90,bottom
C4,22u_0805_CL21A226MAQNNNE,C_0805_2012Metric,-3.45,-48.9,90,bottom
C5,10u_0603_CL10A106MA8NRNC,C_0603_1608Metric,-7.87,2.045,180,bottom
C6,10u_0603_CL10A106MA8NRNC,C_0603_1608Metric,-6.9875,-33.025,90,bottom
C7,10u_0603_CL10A106MA8NRNC,C_0603_1608Metric,-7.87,-3.43,0,bottom
C8,100n_0402_CL05B104KB54PNC,C_0402_1005Metric,-5.72,-4.58,90,bottom
C9,22u_0805_CL21A226MAQNNNE,C_0805_2012Metric,-14.65,-43.62,0,bottom
C10,100n_0402_CL05B104KB54PNC,C_0402_1005Metric,-11.02,-3.3925,180,bottom
C11,22p_0402_0402CG220J500NT,C_0402_1005Metric,-13.6,-40.01,0,bottom
C12,22u_0805_CL21A226MAQNNNE,C_0805_2012Metric,-18.74,-43.63,180,bottom
C13,22u_0805_CL21A226MAQNNNE,C_0805_2012Metric,-18.73,-45.69,180,bottom
C15,10u_0603_CL10A106MA8NRNC,C_0603_1608Metric,-55.35,-52.09,90,bottom
C16,100n_0402_CL05B104KB54PNC,C_0402_1005Metric,-49.23,-29.84,-90,bottom
C17,100n_0402_CL05B104KB54PNC,C_0402_1005Metric,-4.675,-26.925,180,bottom
C18,100n_0402_CL05B104KB54PNC,C_0402_1005Metric,-4.675,-25.875,180,bottom
C19,10u_0603_CL10A106MA8NRNC,C_0603_1608Metric,-19.695,-60.35,90,bottom
C20,10u_0603_CL10A106MA8NRNC,C_0603_1608Metric,-24.75,-60.375,90,bottom
C21,100n_0402_CL05B104KB54PNC,C_0402_1005Metric,-10.425,-24.925,-90,bottom
C22,10u_0603_CL10A106MA8NRNC,C_0603_1608Metric,-12.475,-25.1,180,bottom
C23,10u_0603_CL10A106MA8NRNC,C_0603_1608Metric,-24.44,-56.07,90,bottom
C24,10u_0603_CL10A106MA8NRNC,C_0603_1608Metric,-26.99,-56.07,90,bottom
C25,22u_0805_CL21A226MAQNNNE,C_0805_2012Metric,-11.65,-26.9,180,bottom
C26,22u_0805_CL21A226MAQNNNE,C_0805_2012Metric,-57.86,-55.03,0,bottom
C27,10u_0603_CL10A106MA8NRNC,C_0603_1608Metric,-57.64,-53.23,0,bottom
C28,22u_0805_CL21A226MAQNNNE,C_0805_2012Metric,-34.97,-30.64,90,bottom
C29,10u_0603_CL10A106MA8NRNC,C_0603_1608Metric,-36.79,-30.41,90,bottom
C30,100n_0402_CL05B104KB54PNC,C_0402_1005Metric,-56.62,-51.51,-90,bottom
C31,100n_0402_CL05B104KB54PNC,C_0402_1005Metric,-39.1,-29.85,90,bottom
C32,100n_0402_CL05B104KB54PNC,C_0402_1005Metric,-57.63,-51.5,-90,bottom
C34,10u_0603_CL10A106MA8NRNC,C_0603_1608Metric,-43.4,-23.13,-90,bottom
C35,10u_0603_CL10A106MA8NRNC,C_0603_1608Metric,-41.85,-23.14,-90,bottom
C36,100n_0402_CL05B104KB54PNC,C_0402_1005Metric,-41.58,-20.61,-90,bottom
C38,10u_0603_CL10A106MA8NRNC,C_0603_1608Metric,-29.76,-59.51,-90,bottom
C39,100n_0402_CL05B104KB54PNC,C_0402_1005Metric,-28.27,-56.62,-90,bottom
C40,100n_0402_CL05B104KB54PNC,C_0402_1005Metric,-29.26,-56.61,-90,bottom
C41,100n_0402_CL05B104KB54PNC,C_0402_1005Metric,-25.71,-56.6,-90,bottom
D1,B5819W-SL_SOD-123,D_SOD-123,-2.775,-37.725,180,bottom
D2,B5819W-SL_SOD-123,D_SOD-123,-2.775,-40.125,180,bottom
D5,B5819W-SL_SOD-123,D_SOD-123,-10.2,-39.65,180,bottom
D7,B5819W-SL_SOD-123,D_SOD-123,-39.81,-22.29,-90,bottom
L2,10u_SWPA4030S100MT,L_Sunlord_SWPA40xxS,-21.73,-40.36,0,bottom
L3,10u_SWPA4030S100MT,L_Sunlord_SWPA40xxS,-36.24,-26.57,90,bottom
Q1,AO3401A,SOT-23,-9.7125,-33.225,0,bottom
Q2,AO3400A,SOT-23,-43.275,-56.375,0,bottom
Q3,AO3400A,SOT-23,-43.275,-59.9,0,bottom
Q4,AO3401A,SOT-23,-9.7125,-36.7,0,bottom
Q5,AO3400A,SOT-23,-14.71,-14.59,0,bottom
Q8,AO3400A,SOT-23,-14.735,-11.09,0,bottom
R1,976k_0402_0402WGD9763TCE,R_0402_1005Metric,-12.27,-48.95,0,bottom
R2,976k_0402_0402WGD9763TCE,R_0402_1005Metric,-12.28,-49.97,180,bottom
R3,1k_0402_0402WGF1001TCE,R_0402_1005Metric,-6.6,-45.5,90,bottom
R4,1k_0402_0402WGF1001TCE,R_0402_1005Metric,-7.55,-45.475,90,bottom
R6,10k_0402_0402WGF1002TCE,R_0402_1005Metric,-9.45,-45.24,0,bottom
R7,10k_0402_0402WGF1002TCE,R_0402_1005Metric,-9.45,-44.19,0,bottom
R8,10k_0402_0402WGF1002TCE,R_0402_1005Metric,-45.75,-57.175,-90,bottom
R9,10k_0402_0402WGF1002TCE,R_0402_1005Metric,-45.75,-59.125,90,bottom
R10,215k_0402_0402WGD2153TCE,R_0402_1005Metric,-7.2375,-35.525,-90,bottom
R11,10k_0402_0402WGF1002TCE,R_0402_1005Metric,-6.2125,-35.525,90,bottom
R12,215k_0402_0402WGD2153TCE,R_0402_1005Metric,-12.235,-15.34,90,bottom
R14,976k_0402_0402WGD9763TCE,R_0402_1005Metric,-3.525,-17.125,-90,bottom
R16,215k_0402_0402WGD2153TCE,R_0402_1005Metric,-18.275,-38.125,90,bottom
R17,976k_0402_0402WGD9763TCE,R_0402_1005Metric,-8.35,-17.2,-90,bottom
R18,215k_0402_0402WGD2153TCE,R_0402_1005Metric,-12.26,-11.865,-90,bottom
R19,976k_0402_0402WGD9763TCE,R_0402_1005Metric,-13.6,-38.97,0,bottom
R20,215k_0402_0402WGD2153TCE,R_0402_1005Metric,-13.59,-37.93,180,bottom
R21,215k_0402_0402WGD2153TCE,R_0402_1005Metric,-10.495,1.8325,180,bottom
R22,215k_0402_0402WGD2153TCE,R_0402_1005Metric,-12.445,1.8325,0,bottom
R23,10k_0402_0402WGF1002TCE,R_0402_1005Metric,-40.8,-55.62,-90,bottom
R24,10k_0402_0402WGF1002TCE,R_0402_1005Metric,-40.8,-59.14,-90,bottom
R28,215k_0402_0402WGD2153TCE,R_0402_1005Metric,-4.7,-24.825,0,bottom
R29,215k_0402_0402WGD2153TCE,R_0402_1005Metric,-41.56,-29.87,90,bottom
R30,2.5R_0805_AR05FTCW2R50,R_0805_2012Metric,-14.325,-35.65,180,bottom
U2,TP4057-42-SOT26-R,SOT-23-6,-6.225,-48.575,90,bottom
U3,"PCF8563T/5,518",SOIC-8_3.9x4.9mm_P1.27mm,-50,-56.7,180,bottom
U4,XC6206-2.8V,SOT-23,-8.07,-0.68,90,bottom
U6,SY8089AAAC,SOT-23-5,-16.6975,-40.86,180,bottom
U7,SOT-23-6_SN74LVC1G373DBVR_TI,SOT-23-6,-11.57,-0.7925,-90,bottom
U8,XC6206-2.8V,SOT-23,-22.195,-59.925,-90,bottom
U9,RT9166-12GVL,SOT-23,-27.275,-59.925,-90,bottom
U10,AP1511B,SOT-23-6,-7.775,-25.7,0,bottom
U11,ESP32-S3-WROOM-1-N16R8,ESP32-S3-WROOM-1,-51.72,-40.73,90,bottom
U12,MT9284-28J,SOT-23-6,-40.345,-26.83,-90,bottom
Y1,32.768kHz_Q13FC1350000400,Crystal_SMD_3215-2Pin_3.2x1.5mm,-54.925,-56.025,-90,bottom
C2,100n_0402_CL05B104KB54PNC,C_0402_1005Metric,12.2,-62.78,-90,top
C14,100n_0402_CL05B104KB54PNC,C_0402_1005Metric,38.81,-32.1,0,top
C33,22p_0402_0402CG220J500NT,C_0402_1005Metric,31.95,-58.525,180,top
C37,100n_0402_CL05B104KB54PNC,C_0402_1005Metric,46.88,-6.05,180,top
D3,0603_RED_KT-0603R,LED_0603_1608Metric,7.275,-42.25,0,top
D4,0603_GREEN_19-217/GHC-YR1S2/3T,LED_0603_1608Metric,4.225,-42.25,0,top
D6,0603_RED_KT-0603R,LED_0603_1608Metric,40,-40,180,top
D8,0603_IR_850nm_E6C0603IRAC1UDA,LED_0603_1608Metric,45,-35,180,top
D9,0603_IR_850nm_E6C0603IRAC1UDA,LED_0603_1608Metric,15,-35,180,top
D10,0603_IR_850nm_E6C0603IRAC1UDA,LED_0603_1608Metric,47.5,-32.5,0,top
D11,0603_IR_850nm_E6C0603IRAC1UDA,LED_0603_1608Metric,12.5,-32.5,0,top
D12,0603_IR_850nm_E6C0603IRAC1UDA,LED_0603_1608Metric,47.5,0,0,top
D13,0603_IR_850nm_E6C0603IRAC1UDA,LED_0603_1608Metric,12.5,0,0,top
D14,0603_IR_850nm_E6C0603IRAC1UDA,LED_0603_1608Metric,45,2.5,0,top
D15,0603_IR_850nm_E6C0603IRAC1UDA,LED_0603_1608Metric,15,2.5,0,top
J1,Conn-01x02_P2mm_S2B-PH-K-S_Horizontal,JST_PH_S2B-PH-K_1x02_P2.00mm_Horizontal,9.45,-47,-90,top
J2,USB_B_Micro_10118194-0001LF,USB_Micro-B_Amphenol_10118194_Horizontal,-2.25,-34.75,-90,top
J4,Conn-02x10_P2.54mm_B-2100S20P-B110,PinHeader_2x10_P2.54mm_Vertical,51.725,-5.575,0,top
J5,Conn-01x02_P1.25mm_10114829-10102LF,10114829-10102LF,11,-29,-90,top
J6,Conn_01x24_FFC_0.5mm_hirose_FH12-24S-0.5SH,Hirose_FH12-24S-0.5SH_1x24-1MP_P0.50mm_Horizontal,30,-55,180,top
L1,0805_FB_220R@100MHz_BLM21PG221SN1D,L_0805_2012Metric_Pad1.15x1.40mm_HandSolder,1.35,-30.45,90,top
Q6,AO3401A,SOT-23,18.2,-42.6,180,top
Q7,AO3400A,SOT-23,18.2125,-46.075,180,top
R5,215k_0402_0402WGD2153TCE,R_0402_1005Metric,11.2,-62.8,90,top
R13,215k_0402_0402WGD2153TCE,R_0402_1005Metric,20.675,-43.375,-90,top
R15,215k_0402_0402WGD2153TCE,R_0402_1005Metric,20.7,-46.85,-90,top
R25,10k_0402_0402WGF1002TCE,R_0402_1005Metric,42.08,-32.1,0,top
R26,10k_0402_0402WGF1002TCE,R_0402_1005Metric,54.38,-47.73,90,top
R27,1k_0402_0402WGF1001TCE,R_0402_1005Metric,39.45,-38.675,180,top
RV1,1M_3362P-1-105,Potentiometer_Vishay_T73YP_Vertical,1.925,-17.475,180,top
RV2,1M_3362P-1-105,Potentiometer_Vishay_T73YP_Vertical,9.925,-17.475,180,top
SW1,SW_PB_90deg_K2-1102AQ-H4CW-01,SW_PB_90deg_K2-1102AQ-H4CW-01,36,0,180,top
SW2,SW_PB_TS-1187A-B-A-B,SW_SPST_TL3342,60,-17,90,top
SW3,SW_PB_TS-1187A-B-A-B,SW_SPST_TL3342,60,-8,90,top
SW4,SW_PB_90deg_K2-1102AQ-H4CW-01,SW_PB_90deg_K2-1102AQ-H4CW-01,25,0,180,top
U1,SRV05-4,SOT-23-6,2.1,-34.45,90,top
U5,PIR_BS612,BS612,5,-9,0,top
U13,APDS-9306-065,Broadcom_DFN-6_2x2mm_P0.65mm,46.18,-7.85,180,top